{
  "summary": {
    "population_size": {
      "mean": 7.088302752293578,
      "std": 6.127674541331959,
      "min": 